<?xml version="1.0" encoding="UTF-8"?>
<project-private xmlns="http://www.netbeans.org/ns/project-private/1">
    <editor-bookmarks xmlns="http://www.netbeans.org/ns/editor-bookmarks/2" lastBookmarkId="0"/>
    <open-files xmlns="http://www.netbeans.org/ns/projectui-open-files/2">
        <group>
            <file>file:/C:/Users/conde/OneDrive/Escritorio/EXAMEN%202º%20EVALUACIÓN/Ejemplo_Ejercicio1/src/ejemplo_ejercicio1/Ejemplo_Ejercicio1.java</file>
            <file>file:/C:/Users/conde/OneDrive/Escritorio/EXAMEN%202º%20EVALUACIÓN/Ejemplo_Ejercicio1/src/ejemplo_ejercicio1/Almacen.java</file>
            <file>file:/C:/Users/conde/OneDrive/Escritorio/EXAMEN%202º%20EVALUACIÓN/Ejemplo_Ejercicio1/src/ejemplo_ejercicio1/Bebida.java</file>
            <file>file:/C:/Users/conde/OneDrive/Escritorio/EXAMEN%202º%20EVALUACIÓN/Ejemplo_Ejercicio1/src/ejemplo_ejercicio1/BebidaAzucarada.java</file>
            <file>file:/C:/Users/conde/OneDrive/Escritorio/EXAMEN%202º%20EVALUACIÓN/Ejemplo_Ejercicio1/src/ejemplo_ejercicio1/AguaMineral.java</file>
        </group>
    </open-files>
</project-private>
