<?xml version="1.0" encoding="UTF-8"?>
<project-private xmlns="http://www.netbeans.org/ns/project-private/1">
    <editor-bookmarks xmlns="http://www.netbeans.org/ns/editor-bookmarks/2" lastBookmarkId="0"/>
    <open-files xmlns="http://www.netbeans.org/ns/projectui-open-files/2">
        <group>
            <file>file:/C:/Users/conde/OneDrive/Escritorio/EXAMEN%202º%20EVALUACIÓN/Ejemplo_Ejercicio2/src/ejemplo_ejercicio2/Ejemplo_Ejercicio2.java</file>
            <file>file:/C:/Users/conde/OneDrive/Escritorio/EXAMEN%202º%20EVALUACIÓN/Ejemplo_Ejercicio2/src/ejemplo_ejercicio2/Carta.java</file>
        </group>
    </open-files>
</project-private>
