<?xml version="1.0" encoding="UTF-8"?>
<project-private xmlns="http://www.netbeans.org/ns/project-private/1">
    <editor-bookmarks xmlns="http://www.netbeans.org/ns/editor-bookmarks/1"/>
    <open-files xmlns="http://www.netbeans.org/ns/projectui-open-files/1">
        <file>file:/C:/Users/za/Documents/NetBeansProjects/PSP05/ServerHTTP/src/PaquetePrincipal/ServidorHTTP.java</file>
        <file>file:/C:/Users/za/Documents/NetBeansProjects/PSP05/ServerHTTP/src/PaquetePrincipal/Mensajes.java</file>
        <file>file:/C:/Users/za/Documents/NetBeansProjects/PSP05/ServerHTTP/src/PaquetePrincipal/Paginas.java</file>
    </open-files>
</project-private>
