<?xml version="1.0" encoding="UTF-8"?>
<project-private xmlns="http://www.netbeans.org/ns/project-private/1">
    <editor-bookmarks xmlns="http://www.netbeans.org/ns/editor-bookmarks/2" lastBookmarkId="0"/>
    <open-files xmlns="http://www.netbeans.org/ns/projectui-open-files/2">
        <group>
            <file>file:/D:/Documentos_Ciclo/DAM_Distancia/DAM_Distancia/DAM2/PSP/T2/psp02_ejercicio1/src/ejemplos/EleccionesMunicipales/Principal.java</file>
            <file>file:/D:/Documentos_Ciclo/DAM_Distancia/DAM_Distancia/DAM2/PSP/T2/psp02_ejercicio1/src/ejemplos/EleccionesMunicipales/Votante.java</file>
            <file>file:/D:/Documentos_Ciclo/DAM_Distancia/DAM_Distancia/DAM2/PSP/T2/psp02_ejercicio1/src/ejemplos/EleccionesMunicipales/Partido.java</file>
            <file>file:/D:/Documentos_Ciclo/DAM_Distancia/DAM_Distancia/DAM2/PSP/T2/psp02_ejercicio1/src/ejemplos/EleccionesMunicipales/Urna.java</file>
        </group>
    </open-files>
</project-private>
