<?xml version="1.0" encoding="UTF-8"?>
<project-private xmlns="http://www.netbeans.org/ns/project-private/1">
    <editor-bookmarks xmlns="http://www.netbeans.org/ns/editor-bookmarks/2" lastBookmarkId="0"/>
    <open-files xmlns="http://www.netbeans.org/ns/projectui-open-files/2">
        <group>
            <file>file:/C:/Users/xdGHOSTbx/Desktop/Documentos%20Ciclo/DAM_Distancia_1/DAM_Distancia/Programacion/ConcesionarioExtraerDatos/src/baseDatos/Consultas.java</file>
            <file>file:/C:/Users/xdGHOSTbx/Desktop/Documentos%20Ciclo/DAM_Distancia_1/DAM_Distancia/Programacion/ConcesionarioExtraerDatos/src/Concesionario/Main.java</file>
            <file>file:/C:/Users/xdGHOSTbx/Desktop/Documentos%20Ciclo/DAM_Distancia_1/DAM_Distancia/Programacion/ConcesionarioExtraerDatos/src/Concesionario/concesionario.java</file>
            <file>file:/C:/Users/xdGHOSTbx/Desktop/Documentos%20Ciclo/DAM_Distancia_1/DAM_Distancia/Programacion/ConcesionarioExtraerDatos/src/Concesionario/Vehiculo.java</file>
            <file>file:/C:/Users/xdGHOSTbx/Desktop/Documentos%20Ciclo/DAM_Distancia_1/DAM_Distancia/Programacion/ConcesionarioExtraerDatos/src/baseDatos/ConnectionDB.java</file>
        </group>
    </open-files>
</project-private>
